<?xml version="1.0" encoding="utf-8"?>
<entities>
  <entity name="ppds_zipcode" displayname="ZIP Code" etc="10842" primaryidfield="ppds_zipcodeid" primarynamefield="ppds_code" disableplugins="false">
    <fields>
      <field displayname="Created By" name="createdby" type="entityreference" lookupType="systemuser" />
      <field displayname="Created On" name="createdon" type="datetime" />
      <field displayname="Modified By" name="modifiedby" type="entityreference" lookupType="systemuser" />
      <field displayname="Modified On" name="modifiedon" type="datetime" />
      <field displayname="ZIP Code" name="ppds_code" type="string" />
      <field displayname="ZIP Code" name="ppds_zipcodeid" type="guid" primaryKey="true" />
    </fields>
  </entity>
</entities>